sample_id,pred_labels,manual_labels,case_d_jaccard
5,"A,D,F,G","D,G",0.25555555555555554
20,E,"C,D",0.21527777777777776
34,"A,C,G","C,D",0.09999999999999999
36,"A,B,C,D,E,G","C,D",0.25277777777777777
40,"A,B,C,E,F,G","C,E",0.20555555555555557
53,E,"C,D",0.08333333333333333
54,D,"C,D",0.2986111111111111
56,"A,B,C,E,F,G","C,D,G",0.28769841269841273
69,E,"C,G",0.18194444444444444
73,E,"C,D",0.29166666666666663
76,C,"C,G",0.26666666666666666
80,"C,D","C,G",0.24722222222222223
